<beans:beans xmlns="http://www.springframework.org/schema/security"
	xmlns:beans="http://www.springframework.org/schema/beans" 
	xmlns:xsi="http://www.w3.org/2001/XMLSchema-instance"
	xsi:schemaLocation="http://www.springframework.org/schema/beans
	http://www.springframework.org/schema/beans/spring-beans-3.0.xsd
	http://www.springframework.org/schema/security http://www.springframework.org/schema/security/spring-security.xsd">
	<!-- <http>
	<intercept-url pattern="/AdminCheck*" access="ROLE_USER"/>
	<http-basic/>
	</http> -->
	  <!--   <http>
	<intercept-url pattern="/AdminValidate*" access="ROLE_ADMIN"/>
	 <intercept-url pattern="/CustomerValidate*" access="ROLE_USER"/>
	<form-login/>
	<logout logout-success-url="/logout"/>
	</http>-->
	
	<http>
	 <intercept-url pattern="/AdminValidate" access="ROLE_ADMIN"/>
	<form-login  login-page="/login"  default-target-url="/AdminValidate"/>
	<intercept-url pattern="/CustomerValidate" access="ROLE_USER"/>
	<form-login login-page="/login"  default-target-url="/CustomerValidate"/>
	<logout logout-success-url="/Home"/>
	</http>
	  <!-- <http>
	 <intercept-url pattern="/AdminCheck*" access="ROLE_ADMIN"/>
	<form-login  login-page="/login"   default-target-url="/AdminCheck"/>
	<logout logout-success-url="/logout"/>
	</http> -->
	 <authentication-manager>
	<authentication-provider>
	<jdbc-user-service data-source-ref="dataSource" 
	 users-by-username-query="select username,password,enabled from customer where username=?" 
	authorities-by-username-query="select u1.username, u2.authority from customer u1, userrole u2 where u1.id = u2.id and u1.username =?" />
	</authentication-provider>
	</authentication-manager>
	
	</beans:beans>